identifier,name,description,category,school,color,condition,effectRule,cost,sourceKeyword,unlockCondition,chapterMin,weight,price
rune_ironWill,坚如磐石,最大HP+5，护盾获取量-50%,basic,,green,,玩家基础最大HP永久+5。所有来源的护盾获取量（含词条/符文/事件）减半，向下取整。,80,,,0,8,80
rune_thrifty,精打细算,金币获取+50%，无法购买稀有度≥3的词条,basic,,green,,战斗胜利金币/利息/事件奖励金币等所有金币来源+50%。但商店中稀有度（weight≤4）的词条无法购买。,60,,,0,7,60
rune_quickReflex,迅捷反射,每回合+1行动次数，最大HP-3,basic,,green,,阶段一玩家操作时，每回合获得额外1次行动次数（消除/右键）。但玩家基础最大HP减少3。,100,,,0,8,100
rune_bloodPrice,血之代价,可用HP代替金币在商店消费，最大HP-2,basic,,green,,在商店购买词条/符文/升级时，可选择消耗HP代替金币（1HP=20金币）。但玩家基础最大HP减少2。每次购买消耗的HP在本场战斗结束后不回复。,50,,,1,6,50
rune_battleRecovery,战后休整,每场战斗胜利后回复2HP，金币奖励-30%,basic,,green,,阶段六回合收尾后，若本场战斗胜利→额外回复2HP。但所有战斗的金币奖励减少30%。,70,,,0,7,70
rune_expandBoard,扩展音域,棋盘列数+1，音符种类+1,basic,,green,,棋盘从默认列数增加1列（右侧新增一列）。同时音符颜色种类从当前值+1（如4色→5色），消除难度显著提升。新增列上可正常生成音符和放置召唤物。阶段六补齐格子时也补齐新增列。,90,,,2,5,90
rune_compoundInterest,利滚利,未花费金币每回合获得20%利息，商店价格+20%,basic,,green,,阶段六回合收尾时，当前持有金币的20%（向下取整）作为利息获得。但所有商店商品基础价格+20%。利息金币不计入下次利息计算基数。,60,,,1,6,60
rune_scavenger,战场拾荒,击败怪物有30%概率掉落额外金币，怪物HP+1,basic,,green,,每只怪物死亡时，独立判定30%概率额外掉落（掉落金币数=怪物基础掉落×0.5）。但所有怪物最大HP+1（Boss+2），战斗时间延长。,70,,,1,5,70
rune_symphonyAvatar,交响化身,≥4只精灵自动融合为占3格的交响化身，免疫碰撞,school,召唤,blue,,阶段四召唤物攻击前全局判定：若场上存活精灵≥4只→自动融合为占3格（横向）的交响化身→免疫怪物碰撞、不可被消灭（destroy/die均无效）→每回合攻击伤害=融合前4只精灵攻击力之和×1.5→持续3回合后自动消失（destroy类型）→释放3个占领格。,120,终章·交响化身,,2,4,120
rune_phantomGuard,幻影守卫,召唤物被怪物碰撞不死亡，改为扣玩家1HP,school,召唤,blue,,阶段五怪物移动碰撞召唤物时，碰撞规则改写：召唤物不触发die→怪物穿透召唤物格继续移动→玩家立即扣除1HP。若同一回合多个怪物穿透不同召唤物，每次穿透独立扣HP。,100,,,0,6,100
rune_thornArmor,荆棘甲,护盾被消耗时，对攻击者造成等同消耗量的伤害,school,护盾,green,,任何来源消耗玩家的护盾值时（怪物自爆/技能伤害等），立即对造成伤害的怪物反弹伤害=本次消耗的护盾值×1.0。反弹伤害在阶段二结算。若多个怪物同时消耗护盾，分别反弹。,90,,,0,6,90
rune_shieldOverflow,护盾洪流,满护盾时溢出的护盾获取量转化为范围伤害,school,护盾,green,,当护盾已达上限时，任何来源的溢出护盾值不浪费，转化为范围伤害（伤害=溢出值×1.5），均匀分配给场上所有怪物。若场上无怪物则不触发。阶段三/四均可结算溢出伤害。,100,,,1,5,100
rune_fatalFocus,致命专注,暴击伤害×2.5，非暴击伤害-30%,school,强攻,red,,所有来源的暴击判定（含词条暴击/符文暴击等）暴击时伤害倍率从1.5x提升至2.5x。但非暴击的所有音波伤害降低30%。鼓励堆暴击率，惩罚不暴击。,100,,,1,5,100
rune_siegebreaker,破阵先锋,对距离玩家最近的怪物伤害+50%，对后排怪物伤害-30%,school,强攻,red,,阶段二伤害结算时判定：若目标怪物为当前距离玩家列最近的一只（复数时取最左上的），伤害×1.5。若目标不是最前排，伤害×0.7。该判定逐只怪物独立计算。,80,,,0,6,80
rune_octaveHarmony,八音齐奏,≥8格连线触发2次音波，≤4格连线伤害减半,school,多,blue,,阶段一玩家操作后判定：若本次连线≥8格→阶段二生成2道音波（同方向全伤害）。若本次连线≤4格→音波伤害×0.5。5-7格连线不受影响。,110,,,1,5,110
rune_loneWolf,孤狼,单色格子自成连线并且伤害×5，≥5格连线无伤害,school,少,blue,,阶段二伤害结算时判定：若本次连线恰好1格→伤害×5.0。若连线≥5格→音波不造成任何伤害（音波仍生成但不造成伤害，控制/标记等附加效果仍触发）。4格连线不受影响。,110,,,1,5,110
rune_desperation,绝境,HP≤3时伤害×2，护盾获取×2,special,,yellow,HP≤3,全局被动判定：当玩家当前HP≤3时，所有音波伤害×2.0，所有来源的护盾获取量×2.0。HP>3时无任何效果。与濒死类词条叠加。「绝境中的力量——不疯魔不成活。」,100,,,1,5,100
rune_flawless,无伤之证,本局从未受过伤害时伤害翻倍，受伤后符文永久失效,special,,yellow,本局从未受伤,全局判定：只要玩家本局游戏累计受到过伤害（HP减少），此符文永久失效（符文仍占格但效果无效化，不可替换直到死亡）。若始终无伤→全伤害×2.0。「完美不是没有伤痕，而是伤痕从未发生。」,80,,,0,4,80
rune_lastHope,最后希望,死亡时复活1次（HP=1），此后护盾获取无效,special,,yellow,触发式,玩家HP归零时触发：取消死亡→HP=1→获得1回合无敌。但此后永久，所有来源的护盾获取量为0（已有护盾保留但不再增加）。触发后符文效果变为'护盾获取无效'，不再提供复活。「一次机会——用完就没有退路了。」,120,,,2,4,120
rune_glassCannon,玻璃大炮,伤害+100%，HP固定为1,special,,yellow,,所有音波伤害×2.0。玩家最大HP变为1，且任何HP上限增加效果无效化。受到任何伤害立即死亡（除非有无敌/复活）。「一触即碎，一击必杀。」,100,,,1,4,100
rune_cleanSweep,清道夫,非Boss战斗伤害+40%，Boss战伤害-20%,special,,yellow,战斗类型判定,阶段二伤害结算时判定当前战斗类型：非Boss战斗→伤害×1.4。Boss战斗→伤害×0.8。关卡类型判定在战斗开始时已确定，中途不变。「杂兵再多也不怕——但真正的挑战在后头。」,70,,,1,5,70
rune_vengeance,复仇,每被怪物攻击一次永久+1攻击力，每场战斗后永久-1最大HP,special,,yellow,,阶段五怪物对玩家造成伤害时（自爆/技能等），复仇计数器+1→所有音波基础攻击力永久+1。阶段六战斗胜利后→玩家最大HP永久-1（不低于1）。复仇计数器跨战斗保留。,110,,,2,4,110
rune_gambler,赌徒,暴击率+30%，非暴击时伤害-30%,special,,yellow,,所有音波攻击暴击率+30%（可与词条暴击率叠加，上限90%）。但未触发暴击的音波伤害降低30%。'要么赢大的，要么血本无归。',90,,,1,5,90
rune_shadowStrike,暗影突袭,每回合首次消除若命中怪物，额外造成3点伤害,special,,yellow,每回合首次命中,阶段二伤害结算时判定：本回合第1道命中怪物的音波→额外附加3点固定伤害（不受任何加成）。后续音波无额外伤害。鼓励每回合至少命中一次，惩罚空回合。'一击必中，一击必杀。',80,,,1,5,80
rune_dragonSlayer,屠龙者,对Boss伤害+50%，非Boss战斗金币-50%,event,,red,,阶段二伤害结算时：若当前战斗为Boss战→全伤害×1.5。所有非Boss战斗的金币奖励减半。'真正的奖赏只在王座之上。',130,,本局击败过2个Boss后入池,2,4,130
rune_toxicBloom,毒华绽放,每回合对所有怪物叠加1层中毒，玩家每回合扣1HP,event,,red,,阶段六回合收尾时：场上所有怪物获得1层中毒（每层每回合扣1HP，不限上限）。同时玩家扣除1HP（无视护盾，不触发受击类效果）。'毒藤缠绕敌人，也缠绕自己。',110,,玩家受到过中毒伤害后入池,1,4,110
rune_summonPact,召唤契约,每只召唤物死亡时回复1HP，召唤物上限-3,event,,red,,任意阶段召唤物死亡时（不限原因）→玩家立即回复1HP。死亡回复无视HP上限可溢出为护盾（溢出量=回复量×0.5）。但场上召唤物数量上限从6减为3。'以命换命——它们为你而死，你因它们而生。',100,,本局累计死亡3只以上召唤物后入池,0,5,100
rune_immortal,不死之身,HP归零时不死亡（每局1次），触发后符文销毁,event,,red,,玩家HP归零时触发：不死→清除所有负面状态→HP回复至50%→无敌1回合。触发后该符文永久销毁，释放符文格（不占格，可再获取新符文）。'一次不死，但只有一次。',150,,本局HP降到1以下后入池,2,3,150
rune_merchantFriend,商人之友,所有商品价格-30%，每购买1次后价格回升1%,event,,red,,商店中所有商品（词条/符文/升级）基础价格降低30%。但每次在任意商店完成购买后，折扣减少1%（30%→29%...直到0%），即价格逐步回升。'朋友归朋友，生意归生意。',60,,本局访问5次以上商店后入池,0,5,60
rune_rainbow,彩虹连线,允许不同色音符混连，但伤害-30%,event,,red,,阶段一连线判定规则改写：允许相邻但颜色不同的音符参与同一次连线。连线中至少保留当前颜色的音符≥1个。消除判定不变。但阶段二音波伤害×0.7。'当界限消失，一切都变得可能——但也变得平庸。',90,,本局使用过音色转换类词条后入池,1,4,90
rune_bossReversal,命运共振,Boss战时玩家伤害+30%，Boss伤害也+30%,event,,red,,Boss战斗全局效果：阶段二玩家音波伤害×1.3。阶段五Boss技能/自爆伤害×1.3。双方同时变强，考验操作而非数值。'剑更锋利，盾更薄弱——公平对决。',100,,本局无伤击杀过Boss后入池,2,4,100
rune_emptyGrace,空灵之舞,空格数量≥5时每回合获得1层护盾，空格<3时失去1HP,event,,red,空格≥5,阶段六回合收尾时判定场上空格数量：≥5→获得1层护盾。≤2→失去1HP（无视护盾）。3-4空格无效果。鼓励维持大量空格，惩罚格子太满。'空白不是缺失——是呼吸。',80,,本局棋盘空格≥8时触发入池,1,5,80
